{"Train/Samples/train_loss": 0.5230224132537842, "_timestamp": 1666447979.6139917, "_runtime": 145.389732837677, "_step": 99996, "Train/Samples/lr": 0.001}